Generators,System,Hydro 15,Units Out,0,Units Out,-,1,,,,=,,,,Hydro
Generators,System,Hydro 15,Max Energy Penalty,10000000000,,$/GWh,1,,,,=,,,,Hydro
Generators,System,Hydro 15,Max Energy Month,10.679,,GWh,1,,,M9,=,,,,Hydro
Generators,System,Hydro 15,Max Energy Month,21.37,,GWh,1,,,M8,=,,,,Hydro
Generators,System,Hydro 15,Max Energy Month,29.065,,GWh,1,,,M7,=,,,,Hydro
Generators,System,Hydro 15,Max Energy Month,65.687,,GWh,1,,,M6,=,,,,Hydro
Generators,System,Hydro 15,Max Energy Month,74.001,,GWh,1,,,M5,=,,,,Hydro
Generators,System,Hydro 15,Max Energy Month,55.222,,GWh,1,,,M4,=,,,,Hydro
Generators,System,Hydro 15,Max Energy Month,38.005,,GWh,1,,,M3,=,,,,Hydro
Generators,System,Hydro 15,Max Energy Month,25.952,,GWh,1,,,M2,=,,,,Hydro
Generators,System,Hydro 15,Max Energy Month,37.082,,GWh,1,,,M12,=,,,,Hydro
Generators,System,Hydro 15,Max Energy Month,8.894,,GWh,1,,,M11,=,,,,Hydro
Generators,System,Hydro 15,Max Energy Month,14.54,,GWh,1,,,M10,=,,,,Hydro
Generators,System,Hydro 15,Max Energy Month,21.608,,GWh,1,,,M1,=,,,,Hydro
Generators,System,Hydro 15,Max Ramp Down Penalty,450,,$/MW,1,,,,=,,,,Hydro
Generators,System,Hydro 15,Max Ramp Down,1.56,,MW/min,1,,,,=,,,,Hydro
Generators,System,Hydro 15,Max Ramp Up Penalty,450,,$/MW,1,,,,=,,,,Hydro
Generators,System,Hydro 15,Max Ramp Up,1.56,,MW/min,1,,,,=,,,,Hydro
Generators,System,Hydro 15,Commit,1,,-,1,,,,=,,,,Hydro
Generators,System,Hydro 15,Min Down Time,1,,h,1,,,,=,,,,Hydro
Generators,System,Hydro 15,Min Up Time,1,,h,1,,,,=,,,,Hydro
Generators,System,Hydro 15,VO&M Charge,0,,$/MWh,1,,,,=,,,,Hydro
Generators,System,Hydro 15,Min Stable Level,0,,MW,1,,,,=,,,,Hydro
Generators,System,Hydro 15,Max Capacity,140,,MW,1,,,,=,,,,Hydro
Generators,System,Hydro 15,Units,1,,-,1,,,,=,,,,Hydro
Generators,System,Hydro 15,Production Decomposition Method,Fixed,,-,1,,,,=,,,,Hydro
Generators,System,Hydro 15,Random Number Seed,4762,,-,1,,,,=,,,,Hydro
Generators,System,Hydro 14,Units Out,0,Units Out,-,1,,,,=,,,,Hydro
Generators,System,Hydro 14,Max Energy Penalty,10000000000,,$/GWh,1,,,,=,,,,Hydro
Generators,System,Hydro 14,Max Energy Month,8.391,,GWh,1,,,M9,=,,,,Hydro
Generators,System,Hydro 14,Max Energy Month,16.791,,GWh,1,,,M8,=,,,,Hydro
Generators,System,Hydro 14,Max Energy Month,22.837,,GWh,1,,,M7,=,,,,Hydro
Generators,System,Hydro 14,Max Energy Month,51.611,,GWh,1,,,M6,=,,,,Hydro
Generators,System,Hydro 14,Max Energy Month,58.143,,GWh,1,,,M5,=,,,,Hydro
Generators,System,Hydro 14,Max Energy Month,43.389,,GWh,1,,,M4,=,,,,Hydro
Generators,System,Hydro 14,Max Energy Month,29.861,,GWh,1,,,M3,=,,,,Hydro
Generators,System,Hydro 14,Max Energy Month,20.39,,GWh,1,,,M2,=,,,,Hydro
Generators,System,Hydro 14,Max Energy Month,29.135,,GWh,1,,,M12,=,,,,Hydro
Generators,System,Hydro 14,Max Energy Month,6.988,,GWh,1,,,M11,=,,,,Hydro
Generators,System,Hydro 14,Max Energy Month,11.425,,GWh,1,,,M10,=,,,,Hydro
Generators,System,Hydro 14,Max Energy Month,16.977,,GWh,1,,,M1,=,,,,Hydro
Generators,System,Hydro 14,Max Ramp Down Penalty,450,,$/MW,1,,,,=,,,,Hydro
Generators,System,Hydro 14,Max Ramp Down,1.22,,MW/min,1,,,,=,,,,Hydro
Generators,System,Hydro 14,Max Ramp Up Penalty,450,,$/MW,1,,,,=,,,,Hydro
Generators,System,Hydro 14,Max Ramp Up,1.22,,MW/min,1,,,,=,,,,Hydro
Generators,System,Hydro 14,Commit,1,,-,1,,,,=,,,,Hydro
Generators,System,Hydro 14,Min Down Time,1,,h,1,,,,=,,,,Hydro
Generators,System,Hydro 14,Min Up Time,1,,h,1,,,,=,,,,Hydro
Generators,System,Hydro 14,VO&M Charge,0,,$/MWh,1,,,,=,,,,Hydro
Generators,System,Hydro 14,Min Stable Level,0,,MW,1,,,,=,,,,Hydro
Generators,System,Hydro 14,Max Capacity,110,,MW,1,,,,=,,,,Hydro
Generators,System,Hydro 14,Units,1,,-,1,,,,=,,,,Hydro
Generators,System,Hydro 14,Production Decomposition Method,Fixed,,-,1,,,,=,,,,Hydro
Generators,System,Hydro 14,Random Number Seed,4761,,-,1,,,,=,,,,Hydro
Generators,System,Hydro 13,Units Out,0,Units Out,-,1,,,,=,,,,Hydro
Generators,System,Hydro 13,Max Energy Penalty,10000000000,,$/GWh,1,,,,=,,,,Hydro
Generators,System,Hydro 13,Max Energy Month,9.91,,GWh,1,,,M9,=,,,,Hydro
Generators,System,Hydro 13,Max Energy Month,12.5,,GWh,1,,,M8,=,,,,Hydro
Generators,System,Hydro 13,Max Energy Month,15.1,,GWh,1,,,M7,=,,,,Hydro
Generators,System,Hydro 13,Max Energy Month,16.2,,GWh,1,,,M6,=,,,,Hydro
Generators,System,Hydro 13,Max Energy Month,17.38,,GWh,1,,,M5,=,,,,Hydro
Generators,System,Hydro 13,Max Energy Month,12.32,,GWh,1,,,M4,=,,,,Hydro
Generators,System,Hydro 13,Max Energy Month,12.33,,GWh,1,,,M3,=,,,,Hydro
Generators,System,Hydro 13,Max Energy Month,11.83,,GWh,1,,,M2,=,,,,Hydro
Generators,System,Hydro 13,Max Energy Month,12.9,,GWh,1,,,M12,=,,,,Hydro
Generators,System,Hydro 13,Max Energy Month,11.52,,GWh,1,,,M11,=,,,,Hydro
Generators,System,Hydro 13,Max Energy Month,10.69,,GWh,1,,,M10,=,,,,Hydro
Generators,System,Hydro 13,Max Energy Month,12.91,,GWh,1,,,M1,=,,,,Hydro
Generators,System,Hydro 13,Max Ramp Down Penalty,450,,$/MW,1,,,,=,,,,Hydro
Generators,System,Hydro 13,Max Ramp Down,0.52,,MW/min,1,,,,=,,,,Hydro
Generators,System,Hydro 13,Max Ramp Up Penalty,450,,$/MW,1,,,,=,,,,Hydro
Generators,System,Hydro 13,Max Ramp Up,0.52,,MW/min,1,,,,=,,,,Hydro
Generators,System,Hydro 13,Commit,1,,-,1,,,,=,,,,Hydro
Generators,System,Hydro 13,Min Down Time,1,,h,1,,,,=,,,,Hydro
Generators,System,Hydro 13,Min Up Time,1,,h,1,,,,=,,,,Hydro
Generators,System,Hydro 13,VO&M Charge,0,,$/MWh,1,,,,=,,,,Hydro
Generators,System,Hydro 13,Min Stable Level,0,,MW,1,,,,=,,,,Hydro
Generators,System,Hydro 13,Max Capacity,46.7,,MW,1,,,,=,,,,Hydro
Generators,System,Hydro 13,Units,1,,-,1,,,,=,,,,Hydro
Generators,System,Hydro 13,Production Decomposition Method,Fixed,,-,1,,,,=,,,,Hydro
Generators,System,Hydro 13,Random Number Seed,4691,,-,1,,,,=,,,,Hydro
Generators,System,Hydro 12,Units Out,0,Units Out,-,1,,,,=,,,,Hydro
Generators,System,Hydro 12,Max Energy Penalty,10000000000,,$/GWh,1,,,,=,,,,Hydro
Generators,System,Hydro 12,Max Energy Month,20.33,,GWh,1,,,M9,=,,,,Hydro
Generators,System,Hydro 12,Max Energy Month,21.01,,GWh,1,,,M8,=,,,,Hydro
Generators,System,Hydro 12,Max Energy Month,23.61,,GWh,1,,,M7,=,,,,Hydro
Generators,System,Hydro 12,Max Energy Month,30.61,,GWh,1,,,M6,=,,,,Hydro
Generators,System,Hydro 12,Max Energy Month,40.94,,GWh,1,,,M5,=,,,,Hydro
Generators,System,Hydro 12,Max Energy Month,8.99,,GWh,1,,,M4,=,,,,Hydro
Generators,System,Hydro 12,Max Energy Month,3.6,,GWh,1,,,M3,=,,,,Hydro
Generators,System,Hydro 12,Max Energy Month,3.41,,GWh,1,,,M2,=,,,,Hydro
Generators,System,Hydro 12,Max Energy Month,14.93,,GWh,1,,,M12,=,,,,Hydro
Generators,System,Hydro 12,Max Energy Month,18.82,,GWh,1,,,M11,=,,,,Hydro
Generators,System,Hydro 12,Max Energy Month,12.22,,GWh,1,,,M10,=,,,,Hydro
Generators,System,Hydro 12,Max Energy Month,2.73,,GWh,1,,,M1,=,,,,Hydro
Generators,System,Hydro 12,Max Ramp Down Penalty,450,,$/MW,1,,,,=,,,,Hydro
Generators,System,Hydro 12,Max Ramp Down,0.78,,MW/min,1,,,,=,,,,Hydro
Generators,System,Hydro 12,Max Ramp Up Penalty,450,,$/MW,1,,,,=,,,,Hydro
Generators,System,Hydro 12,Max Ramp Up,0.78,,MW/min,1,,,,=,,,,Hydro
Generators,System,Hydro 12,Commit,1,,-,1,,,,=,,,,Hydro
Generators,System,Hydro 12,Min Down Time,1,,h,1,,,,=,,,,Hydro
Generators,System,Hydro 12,Min Up Time,1,,h,1,,,,=,,,,Hydro
Generators,System,Hydro 12,VO&M Charge,0,,$/MWh,1,,,,=,,,,Hydro
Generators,System,Hydro 12,Min Stable Level,0,,MW,1,,,,=,,,,Hydro
Generators,System,Hydro 12,Max Capacity,63.29,,MW,1,,,M9,=,,,,Hydro
Generators,System,Hydro 12,Max Capacity,67.9,,MW,1,,,M8,=,,,,Hydro
Generators,System,Hydro 12,Max Capacity,64.01,,MW,1,,,M7,=,,,,Hydro
Generators,System,Hydro 12,Max Capacity,159.15,,MW,1,,,M6,=,,,,Hydro
Generators,System,Hydro 12,Max Capacity,70.37,,MW,1,,,M5,=,,,,Hydro
Generators,System,Hydro 12,Max Capacity,64.2,,MW,1,,,M4,=,,,,Hydro
Generators,System,Hydro 12,Max Capacity,59.84,,MW,1,,,M3,=,,,,Hydro
Generators,System,Hydro 12,Max Capacity,28.81,,MW,1,,,M2,=,,,,Hydro
Generators,System,Hydro 12,Max Capacity,39.39,,MW,1,,,M12,=,,,,Hydro
Generators,System,Hydro 12,Max Capacity,33.68,,MW,1,,,M11,=,,,,Hydro
Generators,System,Hydro 12,Max Capacity,60.8,,MW,1,,,M10,=,,,,Hydro
Generators,System,Hydro 12,Max Capacity,29.34,,MW,1,,,M1,=,,,,Hydro
Generators,System,Hydro 12,Max Capacity,70,,MW,1,,,,=,,,,Hydro
Generators,System,Hydro 12,Units,1,,-,1,,,,=,,,,Hydro
Generators,System,Hydro 12,Production Decomposition Method,Fixed,,-,1,,,,=,,,,Hydro
Generators,System,Hydro 12,Random Number Seed,4675,,-,1,,,,=,,,,Hydro
Generators,System,Hydro 11,Units Out,0,Units Out,-,1,,,,=,,,,Hydro
Generators,System,Hydro 11,Max Energy Penalty,10000000000,,$/GWh,1,,,,=,,,,Hydro
Generators,System,Hydro 11,Max Energy Month,20.33,,GWh,1,,,M9,=,,,,Hydro
Generators,System,Hydro 11,Max Energy Month,21.01,,GWh,1,,,M8,=,,,,Hydro
Generators,System,Hydro 11,Max Energy Month,23.61,,GWh,1,,,M7,=,,,,Hydro
Generators,System,Hydro 11,Max Energy Month,30.61,,GWh,1,,,M6,=,,,,Hydro
Generators,System,Hydro 11,Max Energy Month,40.93,,GWh,1,,,M5,=,,,,Hydro
Generators,System,Hydro 11,Max Energy Month,8.98,,GWh,1,,,M4,=,,,,Hydro
Generators,System,Hydro 11,Max Energy Month,3.6,,GWh,1,,,M3,=,,,,Hydro
Generators,System,Hydro 11,Max Energy Month,3.41,,GWh,1,,,M2,=,,,,Hydro
Generators,System,Hydro 11,Max Energy Month,14.92,,GWh,1,,,M12,=,,,,Hydro
Generators,System,Hydro 11,Max Energy Month,18.82,,GWh,1,,,M11,=,,,,Hydro
Generators,System,Hydro 11,Max Energy Month,12.22,,GWh,1,,,M10,=,,,,Hydro
Generators,System,Hydro 11,Max Energy Month,2.73,,GWh,1,,,M1,=,,,,Hydro
Generators,System,Hydro 11,Max Ramp Down Penalty,450,,$/MW,1,,,,=,,,,Hydro
Generators,System,Hydro 11,Max Ramp Down,0.78,,MW/min,1,,,,=,,,,Hydro
Generators,System,Hydro 11,Max Ramp Up Penalty,450,,$/MW,1,,,,=,,,,Hydro
Generators,System,Hydro 11,Max Ramp Up,0.78,,MW/min,1,,,,=,,,,Hydro
Generators,System,Hydro 11,Commit,1,,-,1,,,,=,,,,Hydro
Generators,System,Hydro 11,Min Down Time,1,,h,1,,,,=,,,,Hydro
Generators,System,Hydro 11,Min Up Time,1,,h,1,,,,=,,,,Hydro
Generators,System,Hydro 11,VO&M Charge,0,,$/MWh,1,,,,=,,,,Hydro
Generators,System,Hydro 11,Min Stable Level,0,,MW,1,,,,=,,,,Hydro
Generators,System,Hydro 11,Max Capacity,63.29,,MW,1,,,M9,=,,,,Hydro
Generators,System,Hydro 11,Max Capacity,67.9,,MW,1,,,M8,=,,,,Hydro
Generators,System,Hydro 11,Max Capacity,64,,MW,1,,,M7,=,,,,Hydro
Generators,System,Hydro 11,Max Capacity,159.15,,MW,1,,,M6,=,,,,Hydro
Generators,System,Hydro 11,Max Capacity,70.37,,MW,1,,,M5,=,,,,Hydro
Generators,System,Hydro 11,Max Capacity,64.2,,MW,1,,,M4,=,,,,Hydro
Generators,System,Hydro 11,Max Capacity,59.84,,MW,1,,,M3,=,,,,Hydro
Generators,System,Hydro 11,Max Capacity,28.81,,MW,1,,,M2,=,,,,Hydro
Generators,System,Hydro 11,Max Capacity,39.39,,MW,1,,,M12,=,,,,Hydro
Generators,System,Hydro 11,Max Capacity,33.68,,MW,1,,,M11,=,,,,Hydro
Generators,System,Hydro 11,Max Capacity,60.8,,MW,1,,,M10,=,,,,Hydro
Generators,System,Hydro 11,Max Capacity,29.34,,MW,1,,,M1,=,,,,Hydro
Generators,System,Hydro 11,Max Capacity,70,,MW,1,,,,=,,,,Hydro
Generators,System,Hydro 11,Units,1,,-,1,,,,=,,,,Hydro
Generators,System,Hydro 11,Production Decomposition Method,Fixed,,-,1,,,,=,,,,Hydro
Generators,System,Hydro 11,Random Number Seed,4674,,-,1,,,,=,,,,Hydro
Generators,System,Hydro 10,Units Out,0,Units Out,-,1,,,,=,,,,Hydro
Generators,System,Hydro 10,Max Energy Penalty,10000000000,,$/GWh,1,,,,=,,,,Hydro
Generators,System,Hydro 10,Max Energy Month,33.76,,GWh,1,,,M9,=,,,,Hydro
Generators,System,Hydro 10,Max Energy Month,46.36,,GWh,1,,,M8,=,,,,Hydro
Generators,System,Hydro 10,Max Energy Month,69.84,,GWh,1,,,M7,=,,,,Hydro
Generators,System,Hydro 10,Max Energy Month,58.2,,GWh,1,,,M6,=,,,,Hydro
Generators,System,Hydro 10,Max Energy Month,52.7,,GWh,1,,,M5,=,,,,Hydro
Generators,System,Hydro 10,Max Energy Month,16.85,,GWh,1,,,M4,=,,,,Hydro
Generators,System,Hydro 10,Max Energy Month,9.89,,GWh,1,,,M3,=,,,,Hydro
Generators,System,Hydro 10,Max Energy Month,11.66,,GWh,1,,,M2,=,,,,Hydro
Generators,System,Hydro 10,Max Energy Month,19.88,,GWh,1,,,M12,=,,,,Hydro
Generators,System,Hydro 10,Max Energy Month,18.77,,GWh,1,,,M11,=,,,,Hydro
Generators,System,Hydro 10,Max Energy Month,30,,GWh,1,,,M10,=,,,,Hydro
Generators,System,Hydro 10,Max Energy Month,12.91,,GWh,1,,,M1,=,,,,Hydro
Generators,System,Hydro 10,Max Ramp Down Penalty,450,,$/MW,1,,,,=,,,,Hydro
Generators,System,Hydro 10,Max Ramp Down,1.58,,MW/min,1,,,,=,,,,Hydro
Generators,System,Hydro 10,Max Ramp Up Penalty,450,,$/MW,1,,,,=,,,,Hydro
Generators,System,Hydro 10,Max Ramp Up,1.58,,MW/min,1,,,,=,,,,Hydro
Generators,System,Hydro 10,Commit,1,,-,1,,,,=,,,,Hydro
Generators,System,Hydro 10,Min Down Time,1,,h,1,,,,=,,,,Hydro
Generators,System,Hydro 10,Min Up Time,1,,h,1,,,,=,,,,Hydro
Generators,System,Hydro 10,VO&M Charge,0,,$/MWh,1,,,,=,,,,Hydro
Generators,System,Hydro 10,Min Stable Level,0,,MW,1,,,,=,,,,Hydro
Generators,System,Hydro 10,Max Capacity,90.72,,MW,1,,,M9,=,,,,Hydro
Generators,System,Hydro 10,Max Capacity,129.01,,MW,1,,,M8,=,,,,Hydro
Generators,System,Hydro 10,Max Capacity,132.33,,MW,1,,,M7,=,,,,Hydro
Generators,System,Hydro 10,Max Capacity,106.49,,MW,1,,,M6,=,,,,Hydro
Generators,System,Hydro 10,Max Capacity,109.56,,MW,1,,,M5,=,,,,Hydro
Generators,System,Hydro 10,Max Capacity,73.47,,MW,1,,,M4,=,,,,Hydro
Generators,System,Hydro 10,Max Capacity,54.47,,MW,1,,,M3,=,,,,Hydro
Generators,System,Hydro 10,Max Capacity,52.71,,MW,1,,,M2,=,,,,Hydro
Generators,System,Hydro 10,Max Capacity,106.27,,MW,1,,,M12,=,,,,Hydro
Generators,System,Hydro 10,Max Capacity,83.2,,MW,1,,,M11,=,,,,Hydro
Generators,System,Hydro 10,Max Capacity,97.98,,MW,1,,,M10,=,,,,Hydro
Generators,System,Hydro 10,Max Capacity,47.1,,MW,1,,,M1,=,,,,Hydro
Generators,System,Hydro 10,Max Capacity,142,,MW,1,,,,=,,,,Hydro
Generators,System,Hydro 10,Units,1,,-,1,,,,=,,,,Hydro
Generators,System,Hydro 10,Production Decomposition Method,Fixed,,-,1,,,,=,,,,Hydro
Generators,System,Hydro 10,Random Number Seed,4538,,-,1,,,,=,,,,Hydro
Generators,System,Hydro 09,Units Out,0,Units Out,-,1,,,,=,,,,Hydro
Generators,System,Hydro 09,Max Energy Penalty,10000000000,,$/GWh,1,,,,=,,,,Hydro
Generators,System,Hydro 09,Max Energy Month,33.76,,GWh,1,,,M9,=,,,,Hydro
Generators,System,Hydro 09,Max Energy Month,46.36,,GWh,1,,,M8,=,,,,Hydro
Generators,System,Hydro 09,Max Energy Month,69.84,,GWh,1,,,M7,=,,,,Hydro
Generators,System,Hydro 09,Max Energy Month,58.2,,GWh,1,,,M6,=,,,,Hydro
Generators,System,Hydro 09,Max Energy Month,52.7,,GWh,1,,,M5,=,,,,Hydro
Generators,System,Hydro 09,Max Energy Month,16.86,,GWh,1,,,M4,=,,,,Hydro
Generators,System,Hydro 09,Max Energy Month,9.89,,GWh,1,,,M3,=,,,,Hydro
Generators,System,Hydro 09,Max Energy Month,11.65,,GWh,1,,,M2,=,,,,Hydro
Generators,System,Hydro 09,Max Energy Month,19.88,,GWh,1,,,M12,=,,,,Hydro
Generators,System,Hydro 09,Max Energy Month,18.77,,GWh,1,,,M11,=,,,,Hydro
Generators,System,Hydro 09,Max Energy Month,30.01,,GWh,1,,,M10,=,,,,Hydro
Generators,System,Hydro 09,Max Energy Month,12.91,,GWh,1,,,M1,=,,,,Hydro
Generators,System,Hydro 09,Max Ramp Down Penalty,450,,$/MW,1,,,,=,,,,Hydro
Generators,System,Hydro 09,Max Ramp Down,1.58,,MW/min,1,,,,=,,,,Hydro
Generators,System,Hydro 09,Max Ramp Up Penalty,450,,$/MW,1,,,,=,,,,Hydro
Generators,System,Hydro 09,Max Ramp Up,1.58,,MW/min,1,,,,=,,,,Hydro
Generators,System,Hydro 09,Commit,1,,-,1,,,,=,,,,Hydro
Generators,System,Hydro 09,Min Down Time,1,,h,1,,,,=,,,,Hydro
Generators,System,Hydro 09,Min Up Time,1,,h,1,,,,=,,,,Hydro
Generators,System,Hydro 09,VO&M Charge,0,,$/MWh,1,,,,=,,,,Hydro
Generators,System,Hydro 09,Min Stable Level,0,,MW,1,,,,=,,,,Hydro
Generators,System,Hydro 09,Max Capacity,90.72,,MW,1,,,M9,=,,,,Hydro
Generators,System,Hydro 09,Max Capacity,129.01,,MW,1,,,M8,=,,,,Hydro
Generators,System,Hydro 09,Max Capacity,132.33,,MW,1,,,M7,=,,,,Hydro
Generators,System,Hydro 09,Max Capacity,106.49,,MW,1,,,M6,=,,,,Hydro
Generators,System,Hydro 09,Max Capacity,109.56,,MW,1,,,M5,=,,,,Hydro
Generators,System,Hydro 09,Max Capacity,73.47,,MW,1,,,M4,=,,,,Hydro
Generators,System,Hydro 09,Max Capacity,54.47,,MW,1,,,M3,=,,,,Hydro
Generators,System,Hydro 09,Max Capacity,52.71,,MW,1,,,M2,=,,,,Hydro
Generators,System,Hydro 09,Max Capacity,106.27,,MW,1,,,M12,=,,,,Hydro
Generators,System,Hydro 09,Max Capacity,83.2,,MW,1,,,M11,=,,,,Hydro
Generators,System,Hydro 09,Max Capacity,97.98,,MW,1,,,M10,=,,,,Hydro
Generators,System,Hydro 09,Max Capacity,47.1,,MW,1,,,M1,=,,,,Hydro
Generators,System,Hydro 09,Max Capacity,142,,MW,1,,,,=,,,,Hydro
Generators,System,Hydro 09,Units,1,,-,1,,,,=,,,,Hydro
Generators,System,Hydro 09,Production Decomposition Method,Fixed,,-,1,,,,=,,,,Hydro
Generators,System,Hydro 09,Random Number Seed,4537,,-,1,,,,=,,,,Hydro
Generators,System,Hydro 08,Units Out,0,Units Out,-,1,,,,=,,,,Hydro
Generators,System,Hydro 08,Max Energy Penalty,10000000000,,$/GWh,1,,,,=,,,,Hydro
Generators,System,Hydro 08,Max Energy Month,33.76,,GWh,1,,,M9,=,,,,Hydro
Generators,System,Hydro 08,Max Energy Month,46.36,,GWh,1,,,M8,=,,,,Hydro
Generators,System,Hydro 08,Max Energy Month,69.84,,GWh,1,,,M7,=,,,,Hydro
Generators,System,Hydro 08,Max Energy Month,58.2,,GWh,1,,,M6,=,,,,Hydro
Generators,System,Hydro 08,Max Energy Month,52.7,,GWh,1,,,M5,=,,,,Hydro
Generators,System,Hydro 08,Max Energy Month,16.86,,GWh,1,,,M4,=,,,,Hydro
Generators,System,Hydro 08,Max Energy Month,9.89,,GWh,1,,,M3,=,,,,Hydro
Generators,System,Hydro 08,Max Energy Month,11.65,,GWh,1,,,M2,=,,,,Hydro
Generators,System,Hydro 08,Max Energy Month,19.88,,GWh,1,,,M12,=,,,,Hydro
Generators,System,Hydro 08,Max Energy Month,18.77,,GWh,1,,,M11,=,,,,Hydro
Generators,System,Hydro 08,Max Energy Month,30.01,,GWh,1,,,M10,=,,,,Hydro
Generators,System,Hydro 08,Max Energy Month,12.91,,GWh,1,,,M1,=,,,,Hydro
Generators,System,Hydro 08,Max Ramp Down Penalty,450,,$/MW,1,,,,=,,,,Hydro
Generators,System,Hydro 08,Max Ramp Down,1.58,,MW/min,1,,,,=,,,,Hydro
Generators,System,Hydro 08,Max Ramp Up Penalty,450,,$/MW,1,,,,=,,,,Hydro
Generators,System,Hydro 08,Max Ramp Up,1.58,,MW/min,1,,,,=,,,,Hydro
Generators,System,Hydro 08,Commit,1,,-,1,,,,=,,,,Hydro
Generators,System,Hydro 08,Min Down Time,1,,h,1,,,,=,,,,Hydro
Generators,System,Hydro 08,Min Up Time,1,,h,1,,,,=,,,,Hydro
Generators,System,Hydro 08,VO&M Charge,0,,$/MWh,1,,,,=,,,,Hydro
Generators,System,Hydro 08,Min Stable Level,0,,MW,1,,,,=,,,,Hydro
Generators,System,Hydro 08,Max Capacity,90.72,,MW,1,,,M9,=,,,,Hydro
Generators,System,Hydro 08,Max Capacity,129.01,,MW,1,,,M8,=,,,,Hydro
Generators,System,Hydro 08,Max Capacity,132.33,,MW,1,,,M7,=,,,,Hydro
Generators,System,Hydro 08,Max Capacity,106.49,,MW,1,,,M6,=,,,,Hydro
Generators,System,Hydro 08,Max Capacity,109.56,,MW,1,,,M5,=,,,,Hydro
Generators,System,Hydro 08,Max Capacity,73.47,,MW,1,,,M4,=,,,,Hydro
Generators,System,Hydro 08,Max Capacity,54.47,,MW,1,,,M3,=,,,,Hydro
Generators,System,Hydro 08,Max Capacity,52.71,,MW,1,,,M2,=,,,,Hydro
Generators,System,Hydro 08,Max Capacity,106.27,,MW,1,,,M12,=,,,,Hydro
Generators,System,Hydro 08,Max Capacity,83.2,,MW,1,,,M11,=,,,,Hydro
Generators,System,Hydro 08,Max Capacity,97.98,,MW,1,,,M10,=,,,,Hydro
Generators,System,Hydro 08,Max Capacity,47.1,,MW,1,,,M1,=,,,,Hydro
Generators,System,Hydro 08,Max Capacity,142,,MW,1,,,,=,,,,Hydro
Generators,System,Hydro 08,Units,1,,-,1,,,,=,,,,Hydro
Generators,System,Hydro 08,Production Decomposition Method,Fixed,,-,1,,,,=,,,,Hydro
Generators,System,Hydro 08,Random Number Seed,4536,,-,1,,,,=,,,,Hydro
Generators,System,Hydro 07,Units Out,0,Units Out,-,1,,,,=,,,,Hydro
Generators,System,Hydro 07,Max Energy Penalty,10000000000,,$/GWh,1,,,,=,,,,Hydro
Generators,System,Hydro 07,Max Energy Month,33.76,,GWh,1,,,M9,=,,,,Hydro
Generators,System,Hydro 07,Max Energy Month,46.36,,GWh,1,,,M8,=,,,,Hydro
Generators,System,Hydro 07,Max Energy Month,69.84,,GWh,1,,,M7,=,,,,Hydro
Generators,System,Hydro 07,Max Energy Month,58.2,,GWh,1,,,M6,=,,,,Hydro
Generators,System,Hydro 07,Max Energy Month,52.7,,GWh,1,,,M5,=,,,,Hydro
Generators,System,Hydro 07,Max Energy Month,16.86,,GWh,1,,,M4,=,,,,Hydro
Generators,System,Hydro 07,Max Energy Month,9.89,,GWh,1,,,M3,=,,,,Hydro
Generators,System,Hydro 07,Max Energy Month,11.65,,GWh,1,,,M2,=,,,,Hydro
Generators,System,Hydro 07,Max Energy Month,19.88,,GWh,1,,,M12,=,,,,Hydro
Generators,System,Hydro 07,Max Energy Month,18.77,,GWh,1,,,M11,=,,,,Hydro
Generators,System,Hydro 07,Max Energy Month,30.01,,GWh,1,,,M10,=,,,,Hydro
Generators,System,Hydro 07,Max Energy Month,12.91,,GWh,1,,,M1,=,,,,Hydro
Generators,System,Hydro 07,Max Ramp Down Penalty,450,,$/MW,1,,,,=,,,,Hydro
Generators,System,Hydro 07,Max Ramp Down,1.58,,MW/min,1,,,,=,,,,Hydro
Generators,System,Hydro 07,Max Ramp Up Penalty,450,,$/MW,1,,,,=,,,,Hydro
Generators,System,Hydro 07,Max Ramp Up,1.58,,MW/min,1,,,,=,,,,Hydro
Generators,System,Hydro 07,Commit,1,,-,1,,,,=,,,,Hydro
Generators,System,Hydro 07,Min Down Time,1,,h,1,,,,=,,,,Hydro
Generators,System,Hydro 07,Min Up Time,1,,h,1,,,,=,,,,Hydro
Generators,System,Hydro 07,VO&M Charge,0,,$/MWh,1,,,,=,,,,Hydro
Generators,System,Hydro 07,Min Stable Level,0,,MW,1,,,,=,,,,Hydro
Generators,System,Hydro 07,Max Capacity,90.72,,MW,1,,,M9,=,,,,Hydro
Generators,System,Hydro 07,Max Capacity,129.01,,MW,1,,,M8,=,,,,Hydro
Generators,System,Hydro 07,Max Capacity,132.33,,MW,1,,,M7,=,,,,Hydro
Generators,System,Hydro 07,Max Capacity,106.49,,MW,1,,,M6,=,,,,Hydro
Generators,System,Hydro 07,Max Capacity,109.56,,MW,1,,,M5,=,,,,Hydro
Generators,System,Hydro 07,Max Capacity,73.47,,MW,1,,,M4,=,,,,Hydro
Generators,System,Hydro 07,Max Capacity,54.47,,MW,1,,,M3,=,,,,Hydro
Generators,System,Hydro 07,Max Capacity,52.71,,MW,1,,,M2,=,,,,Hydro
Generators,System,Hydro 07,Max Capacity,106.27,,MW,1,,,M12,=,,,,Hydro
Generators,System,Hydro 07,Max Capacity,83.2,,MW,1,,,M11,=,,,,Hydro
Generators,System,Hydro 07,Max Capacity,97.98,,MW,1,,,M10,=,,,,Hydro
Generators,System,Hydro 07,Max Capacity,47.1,,MW,1,,,M1,=,,,,Hydro
Generators,System,Hydro 07,Max Capacity,142,,MW,1,,,,=,,,,Hydro
Generators,System,Hydro 07,Units,1,,-,1,,,,=,,,,Hydro
Generators,System,Hydro 07,Production Decomposition Method,Fixed,,-,1,,,,=,,,,Hydro
Generators,System,Hydro 07,Random Number Seed,4535,,-,1,,,,=,,,,Hydro
Generators,System,Hydro 06,Units Out,0,Units Out,-,1,,,,=,,,,Hydro
Generators,System,Hydro 06,Max Energy Penalty,10000000000,,$/GWh,1,,,,=,,,,Hydro
Generators,System,Hydro 06,Max Energy Month,33.76,,GWh,1,,,M9,=,,,,Hydro
Generators,System,Hydro 06,Max Energy Month,46.36,,GWh,1,,,M8,=,,,,Hydro
Generators,System,Hydro 06,Max Energy Month,69.84,,GWh,1,,,M7,=,,,,Hydro
Generators,System,Hydro 06,Max Energy Month,58.2,,GWh,1,,,M6,=,,,,Hydro
Generators,System,Hydro 06,Max Energy Month,52.7,,GWh,1,,,M5,=,,,,Hydro
Generators,System,Hydro 06,Max Energy Month,16.86,,GWh,1,,,M4,=,,,,Hydro
Generators,System,Hydro 06,Max Energy Month,9.89,,GWh,1,,,M3,=,,,,Hydro
Generators,System,Hydro 06,Max Energy Month,11.65,,GWh,1,,,M2,=,,,,Hydro
Generators,System,Hydro 06,Max Energy Month,19.88,,GWh,1,,,M12,=,,,,Hydro
Generators,System,Hydro 06,Max Energy Month,18.77,,GWh,1,,,M11,=,,,,Hydro
Generators,System,Hydro 06,Max Energy Month,30.01,,GWh,1,,,M10,=,,,,Hydro
Generators,System,Hydro 06,Max Energy Month,12.91,,GWh,1,,,M1,=,,,,Hydro
Generators,System,Hydro 06,Max Ramp Down Penalty,450,,$/MW,1,,,,=,,,,Hydro
Generators,System,Hydro 06,Max Ramp Down,1.58,,MW/min,1,,,,=,,,,Hydro
Generators,System,Hydro 06,Max Ramp Up Penalty,450,,$/MW,1,,,,=,,,,Hydro
Generators,System,Hydro 06,Max Ramp Up,1.58,,MW/min,1,,,,=,,,,Hydro
Generators,System,Hydro 06,Commit,1,,-,1,,,,=,,,,Hydro
Generators,System,Hydro 06,Min Down Time,1,,h,1,,,,=,,,,Hydro
Generators,System,Hydro 06,Min Up Time,1,,h,1,,,,=,,,,Hydro
Generators,System,Hydro 06,VO&M Charge,0,,$/MWh,1,,,,=,,,,Hydro
Generators,System,Hydro 06,Min Stable Level,0,,MW,1,,,,=,,,,Hydro
Generators,System,Hydro 06,Max Capacity,90.72,,MW,1,,,M9,=,,,,Hydro
Generators,System,Hydro 06,Max Capacity,129.01,,MW,1,,,M8,=,,,,Hydro
Generators,System,Hydro 06,Max Capacity,132.33,,MW,1,,,M7,=,,,,Hydro
Generators,System,Hydro 06,Max Capacity,106.49,,MW,1,,,M6,=,,,,Hydro
Generators,System,Hydro 06,Max Capacity,109.56,,MW,1,,,M5,=,,,,Hydro
Generators,System,Hydro 06,Max Capacity,73.47,,MW,1,,,M4,=,,,,Hydro
Generators,System,Hydro 06,Max Capacity,54.47,,MW,1,,,M3,=,,,,Hydro
Generators,System,Hydro 06,Max Capacity,52.71,,MW,1,,,M2,=,,,,Hydro
Generators,System,Hydro 06,Max Capacity,106.27,,MW,1,,,M12,=,,,,Hydro
Generators,System,Hydro 06,Max Capacity,83.2,,MW,1,,,M11,=,,,,Hydro
Generators,System,Hydro 06,Max Capacity,97.98,,MW,1,,,M10,=,,,,Hydro
Generators,System,Hydro 06,Max Capacity,47.1,,MW,1,,,M1,=,,,,Hydro
Generators,System,Hydro 06,Max Capacity,142,,MW,1,,,,=,,,,Hydro
Generators,System,Hydro 06,Units,1,,-,1,,,,=,,,,Hydro
Generators,System,Hydro 06,Production Decomposition Method,Fixed,,-,1,,,,=,,,,Hydro
Generators,System,Hydro 06,Random Number Seed,4534,,-,1,,,,=,,,,Hydro
Generators,System,Hydro 05,Units Out,0,Units Out,-,1,,,,=,,,,Hydro
Generators,System,Hydro 05,Max Energy Penalty,10000000000,,$/GWh,1,,,,=,,,,Hydro
Generators,System,Hydro 05,Max Energy Month,2.67,,GWh,1,,,M9,=,,,,Hydro
Generators,System,Hydro 05,Max Energy Month,5.68,,GWh,1,,,M8,=,,,,Hydro
Generators,System,Hydro 05,Max Energy Month,17.8,,GWh,1,,,M7,=,,,,Hydro
Generators,System,Hydro 05,Max Energy Month,32.81,,GWh,1,,,M6,=,,,,Hydro
Generators,System,Hydro 05,Max Energy Month,8.22,,GWh,1,,,M5,=,,,,Hydro
Generators,System,Hydro 05,Max Energy Month,9.69,,GWh,1,,,M4,=,,,,Hydro
Generators,System,Hydro 05,Max Energy Month,2.16,,GWh,1,,,M3,=,,,,Hydro
Generators,System,Hydro 05,Max Energy Month,1.41,,GWh,1,,,M2,=,,,,Hydro
Generators,System,Hydro 05,Max Energy Month,6.84,,GWh,1,,,M12,=,,,,Hydro
Generators,System,Hydro 05,Max Energy Month,2.17,,GWh,1,,,M11,=,,,,Hydro
Generators,System,Hydro 05,Max Energy Month,9.63,,GWh,1,,,M10,=,,,,Hydro
Generators,System,Hydro 05,Max Energy Month,15.72,,GWh,1,,,M1,=,,,,Hydro
Generators,System,Hydro 05,Max Ramp Down Penalty,450,,$/MW,1,,,,=,,,,Hydro
Generators,System,Hydro 05,Max Ramp Down,0.91,,MW/min,1,,,,=,,,,Hydro
Generators,System,Hydro 05,Max Ramp Up Penalty,450,,$/MW,1,,,,=,,,,Hydro
Generators,System,Hydro 05,Max Ramp Up,0.91,,MW/min,1,,,,=,,,,Hydro
Generators,System,Hydro 05,Commit,1,,-,1,,,,=,,,,Hydro
Generators,System,Hydro 05,Min Down Time,1,,h,1,,,,=,,,,Hydro
Generators,System,Hydro 05,Min Up Time,1,,h,1,,,,=,,,,Hydro
Generators,System,Hydro 05,VO&M Charge,0,,$/MWh,1,,,,=,,,,Hydro
Generators,System,Hydro 05,Min Stable Level,0,,MW,1,,,,=,,,,Hydro
Generators,System,Hydro 05,Max Capacity,82,,MW,1,,,,=,,,,Hydro
Generators,System,Hydro 05,Units,1,,-,1,,,,=,,,,Hydro
Generators,System,Hydro 05,Production Decomposition Method,Fixed,,-,1,,,,=,,,,Hydro
Generators,System,Hydro 05,Random Number Seed,4265,,-,1,,,,=,,,,Hydro
Generators,System,Hydro 04,Units Out,0,Units Out,-,1,,,,=,,,,Hydro
Generators,System,Hydro 04,Max Energy Penalty,10000000000,,$/GWh,1,,,,=,,,,Hydro
Generators,System,Hydro 04,Max Energy Month,19.893,,GWh,1,,,M9,=,,,,Hydro
Generators,System,Hydro 04,Max Energy Month,32.554,,GWh,1,,,M8,=,,,,Hydro
Generators,System,Hydro 04,Max Energy Month,31.916,,GWh,1,,,M7,=,,,,Hydro
Generators,System,Hydro 04,Max Energy Month,43.316,,GWh,1,,,M6,=,,,,Hydro
Generators,System,Hydro 04,Max Energy Month,46.956,,GWh,1,,,M5,=,,,,Hydro
Generators,System,Hydro 04,Max Energy Month,41.766,,GWh,1,,,M4,=,,,,Hydro
Generators,System,Hydro 04,Max Energy Month,21.336,,GWh,1,,,M3,=,,,,Hydro
Generators,System,Hydro 04,Max Energy Month,23.66,,GWh,1,,,M2,=,,,,Hydro
Generators,System,Hydro 04,Max Energy Month,27.583,,GWh,1,,,M12,=,,,,Hydro
Generators,System,Hydro 04,Max Energy Month,11.745,,GWh,1,,,M11,=,,,,Hydro
Generators,System,Hydro 04,Max Energy Month,23.728,,GWh,1,,,M10,=,,,,Hydro
Generators,System,Hydro 04,Max Energy Month,19.176,,GWh,1,,,M1,=,,,,Hydro
Generators,System,Hydro 04,Max Ramp Down Penalty,450,,$/MW,1,,,,=,,,,Hydro
Generators,System,Hydro 04,Max Ramp Down,0.86,,MW/min,1,,,,=,,,,Hydro
Generators,System,Hydro 04,Max Ramp Up Penalty,450,,$/MW,1,,,,=,,,,Hydro
Generators,System,Hydro 04,Max Ramp Up,0.86,,MW/min,1,,,,=,,,,Hydro
Generators,System,Hydro 04,Commit,1,,-,1,,,,=,,,,Hydro
Generators,System,Hydro 04,Min Down Time,1,,h,1,,,,=,,,,Hydro
Generators,System,Hydro 04,Min Up Time,1,,h,1,,,,=,,,,Hydro
Generators,System,Hydro 04,VO&M Charge,0,,$/MWh,1,,,,=,,,,Hydro
Generators,System,Hydro 04,Min Stable Level,0,,MW,1,,,,=,,,,Hydro
Generators,System,Hydro 04,Max Capacity,77,,MW,1,,,,=,,,,Hydro
Generators,System,Hydro 04,Units,1,,-,1,,,,=,,,,Hydro
Generators,System,Hydro 04,Production Decomposition Method,Fixed,,-,1,,,,=,,,,Hydro
Generators,System,Hydro 04,Random Number Seed,4146,,-,1,,,,=,,,,Hydro
Generators,System,Hydro 03,Units Out,0,Units Out,-,1,,,,=,,,,Hydro
Generators,System,Hydro 03,Max Energy Penalty,10000000000,,$/GWh,1,,,,=,,,,Hydro
Generators,System,Hydro 03,Max Energy Month,19.893,,GWh,1,,,M9,=,,,,Hydro
Generators,System,Hydro 03,Max Energy Month,32.554,,GWh,1,,,M8,=,,,,Hydro
Generators,System,Hydro 03,Max Energy Month,31.916,,GWh,1,,,M7,=,,,,Hydro
Generators,System,Hydro 03,Max Energy Month,43.316,,GWh,1,,,M6,=,,,,Hydro
Generators,System,Hydro 03,Max Energy Month,46.956,,GWh,1,,,M5,=,,,,Hydro
Generators,System,Hydro 03,Max Energy Month,41.766,,GWh,1,,,M4,=,,,,Hydro
Generators,System,Hydro 03,Max Energy Month,21.336,,GWh,1,,,M3,=,,,,Hydro
Generators,System,Hydro 03,Max Energy Month,23.66,,GWh,1,,,M2,=,,,,Hydro
Generators,System,Hydro 03,Max Energy Month,27.583,,GWh,1,,,M12,=,,,,Hydro
Generators,System,Hydro 03,Max Energy Month,11.745,,GWh,1,,,M11,=,,,,Hydro
Generators,System,Hydro 03,Max Energy Month,23.728,,GWh,1,,,M10,=,,,,Hydro
Generators,System,Hydro 03,Max Energy Month,19.176,,GWh,1,,,M1,=,,,,Hydro
Generators,System,Hydro 03,Max Ramp Down Penalty,450,,$/MW,1,,,,=,,,,Hydro
Generators,System,Hydro 03,Max Ramp Down,0.86,,MW/min,1,,,,=,,,,Hydro
Generators,System,Hydro 03,Max Ramp Up Penalty,450,,$/MW,1,,,,=,,,,Hydro
Generators,System,Hydro 03,Max Ramp Up,0.86,,MW/min,1,,,,=,,,,Hydro
Generators,System,Hydro 03,Commit,1,,-,1,,,,=,,,,Hydro
Generators,System,Hydro 03,Min Down Time,1,,h,1,,,,=,,,,Hydro
Generators,System,Hydro 03,Min Up Time,1,,h,1,,,,=,,,,Hydro
Generators,System,Hydro 03,VO&M Charge,0,,$/MWh,1,,,,=,,,,Hydro
Generators,System,Hydro 03,Min Stable Level,0,,MW,1,,,,=,,,,Hydro
Generators,System,Hydro 03,Max Capacity,77,,MW,1,,,,=,,,,Hydro
Generators,System,Hydro 03,Units,1,,-,1,,,,=,,,,Hydro
Generators,System,Hydro 03,Production Decomposition Method,Fixed,,-,1,,,,=,,,,Hydro
Generators,System,Hydro 03,Random Number Seed,4145,,-,1,,,,=,,,,Hydro
Generators,System,Hydro 02,Units Out,0,Units Out,-,1,,,,=,,,,Hydro
Generators,System,Hydro 02,Max Energy Penalty,10000000000,,$/GWh,1,,,,=,,,,Hydro
Generators,System,Hydro 02,Max Energy Month,12.278,,GWh,1,,,M9,=,,,,Hydro
Generators,System,Hydro 02,Max Energy Month,20.873,,GWh,1,,,M8,=,,,,Hydro
Generators,System,Hydro 02,Max Energy Month,20.607,,GWh,1,,,M7,=,,,,Hydro
Generators,System,Hydro 02,Max Energy Month,29.108,,GWh,1,,,M6,=,,,,Hydro
Generators,System,Hydro 02,Max Energy Month,33.03,,GWh,1,,,M5,=,,,,Hydro
Generators,System,Hydro 02,Max Energy Month,30.089,,GWh,1,,,M4,=,,,,Hydro
Generators,System,Hydro 02,Max Energy Month,18.802,,GWh,1,,,M3,=,,,,Hydro
Generators,System,Hydro 02,Max Energy Month,17.368,,GWh,1,,,M2,=,,,,Hydro
Generators,System,Hydro 02,Max Energy Month,20.9,,GWh,1,,,M12,=,,,,Hydro
Generators,System,Hydro 02,Max Energy Month,6.703,,GWh,1,,,M11,=,,,,Hydro
Generators,System,Hydro 02,Max Energy Month,14.955,,GWh,1,,,M10,=,,,,Hydro
Generators,System,Hydro 02,Max Energy Month,14.331,,GWh,1,,,M1,=,,,,Hydro
Generators,System,Hydro 02,Max Ramp Down Penalty,450,,$/MW,1,,,,=,,,,Hydro
Generators,System,Hydro 02,Max Ramp Down,0.83,,MW/min,1,,,,=,,,,Hydro
Generators,System,Hydro 02,Max Ramp Up Penalty,450,,$/MW,1,,,,=,,,,Hydro
Generators,System,Hydro 02,Max Ramp Up,0.83,,MW/min,1,,,,=,,,,Hydro
Generators,System,Hydro 02,Commit,1,,-,1,,,,=,,,,Hydro
Generators,System,Hydro 02,Min Down Time,1,,h,1,,,,=,,,,Hydro
Generators,System,Hydro 02,Min Up Time,1,,h,1,,,,=,,,,Hydro
Generators,System,Hydro 02,VO&M Charge,0,,$/MWh,1,,,,=,,,,Hydro
Generators,System,Hydro 02,Min Stable Level,0,,MW,1,,,,=,,,,Hydro
Generators,System,Hydro 02,Max Capacity,75,,MW,1,,,,=,,,,Hydro
Generators,System,Hydro 02,Units,1,,-,1,,,,=,,,,Hydro
Generators,System,Hydro 02,Production Decomposition Method,Fixed,,-,1,,,,=,,,,Hydro
Generators,System,Hydro 02,Random Number Seed,3856,,-,1,,,,=,,,,Hydro
Generators,System,Hydro 01,Units Out,0,Units Out,-,1,,,,=,,,,Hydro
Generators,System,Hydro 01,Max Energy Penalty,10000000000,,$/GWh,1,,,,=,,,,Hydro
Generators,System,Hydro 01,Max Energy Month,12.28,,GWh,1,,,M9,=,,,,Hydro
Generators,System,Hydro 01,Max Energy Month,20.88,,GWh,1,,,M8,=,,,,Hydro
Generators,System,Hydro 01,Max Energy Month,20.61,,GWh,1,,,M7,=,,,,Hydro
Generators,System,Hydro 01,Max Energy Month,29.11,,GWh,1,,,M6,=,,,,Hydro
Generators,System,Hydro 01,Max Energy Month,33.03,,GWh,1,,,M5,=,,,,Hydro
Generators,System,Hydro 01,Max Energy Month,30.09,,GWh,1,,,M4,=,,,,Hydro
Generators,System,Hydro 01,Max Energy Month,18.8,,GWh,1,,,M3,=,,,,Hydro
Generators,System,Hydro 01,Max Energy Month,17.37,,GWh,1,,,M2,=,,,,Hydro
Generators,System,Hydro 01,Max Energy Month,20.9,,GWh,1,,,M12,=,,,,Hydro
Generators,System,Hydro 01,Max Energy Month,6.7,,GWh,1,,,M11,=,,,,Hydro
Generators,System,Hydro 01,Max Energy Month,14.95,,GWh,1,,,M10,=,,,,Hydro
Generators,System,Hydro 01,Max Energy Month,14.33,,GWh,1,,,M1,=,,,,Hydro
Generators,System,Hydro 01,Max Ramp Down Penalty,450,,$/MW,1,,,,=,,,,Hydro
Generators,System,Hydro 01,Max Ramp Down,0.83,,MW/min,1,,,,=,,,,Hydro
Generators,System,Hydro 01,Max Ramp Up Penalty,450,,$/MW,1,,,,=,,,,Hydro
Generators,System,Hydro 01,Max Ramp Up,0.83,,MW/min,1,,,,=,,,,Hydro
Generators,System,Hydro 01,Commit,1,,-,1,,,,=,,,,Hydro
Generators,System,Hydro 01,Min Down Time,1,,h,1,,,,=,,,,Hydro
Generators,System,Hydro 01,Min Up Time,1,,h,1,,,,=,,,,Hydro
Generators,System,Hydro 01,VO&M Charge,0,,$/MWh,1,,,,=,,,,Hydro
Generators,System,Hydro 01,Min Stable Level,0,,MW,1,,,,=,,,,Hydro
Generators,System,Hydro 01,Max Capacity,75,,MW,1,,,,=,,,,Hydro
Generators,System,Hydro 01,Units,1,,-,1,,,,=,,,,Hydro
Generators,System,Hydro 01,Production Decomposition Method,Fixed,,-,1,,,,=,,,,Hydro
Generators,System,Hydro 01,Random Number Seed,3855,,-,1,,,,=,,,,Hydro